,file,filesize,SIMPLE,BITPIX,NAXIS,NAXIS1,NAXIS2,FITS-TLM,IMAGETYP,EXPOSURE,EXPTIME,DATE-LOC,DATE-OBS,XBINNING,YBINNING,EGAIN,XPIXSZ,YPIXSZ,INSTRUME,SET-TEMP,CCD-TEMP,TELESCOP,FOCALLEN,FOCRATIO,RA,DEC,CENTALT,CENTAZ,AIRMASS,PIERSIDE,SITEELEV,SITELAT,SITELONG,FWHEEL,FILTER,OBJECT,OBJCTRA,OBJCTDEC,OBJCTROT,FOCNAME,FOCPOS,FOCUSPOS,FOCTEMP,FOCUSTEM,ROWORDER,EQUINOX,SWCREATE,CCDNAME,OPTIC,APATURE,PIXSCALE,FLIPSTAT,FLATFRM,PROCESS,BUNIT,offset_RA(arcmin),offset_DEC(arcmin),offset_AZ(arcmin),offset_ALT(arcmin)
0,/mnt/Rdata/OBS_data/asteroid/RiLA600_STX-16803_-_1bin/1659PUNKAHARJU_LIGHT_-_2023-10-10_-_RiLA600_STX-16803_-_1bin/reduced2/1659PUNKAHARJU_LIGHT_R_2023-10-10-13-54-13_30sec_RiLA600_STX-16803_-28c_1bin.fit,67115520,True,-32,2,4096,4096,2023-11-08T13:27:05,LIGHT,30.0,30.0,2023-10-10T22:54:13.948,2023-10-10T13:54:13.948,1,1,0.0,9.0,9.0,SBIG STX-16803 3 CCD,-30.0,-28.21875,RiLA600,3000,5.0,352.265688084499,12.9691442178981,66.0893416763053,185.178372264629,1.09359153791955,East,0.0,37.308889,127.002,SBIG STX-16803 3 CCD,R,1659PUNKAHARJU,23 29 04,+12 58 07,0.0,NanoFocus,437326,437326,20.14,20.14,TOP-DOWN,2000.0,N.I.N.A. 2.0.2.2017,STX-16803,RiLA600,600,0.618795,,/mnt/Rdata/OBS_data/asteroid/RiLA600_STX-16803_-_1bin/1659PUNKAHARJU_LIGHT_-_2023-10-10_-_RiLA600_STX-16803_-_1bin/master_files_ys/nightskyflat-R.fits,F,adu,,,,
1,/mnt/Rdata/OBS_data/asteroid/RiLA600_STX-16803_-_1bin/1659PUNKAHARJU_LIGHT_-_2023-10-10_-_RiLA600_STX-16803_-_1bin/reduced2/1659PUNKAHARJU_LIGHT_R_2023-10-10-13-54-55_40sec_RiLA600_STX-16803_-29c_1bin.fits,67305600,True,-32,2,4096,4096,2023-11-08T13:27:05,LIGHT,40.0,40.0,2023-10-10T22:54:55.725,2023-10-10T13:54:55.725,1,1,0.0,9.0,9.0,SBIG STX-16803 3 CCD,-30.0,-29.875,RiLA600,3000,5.0,352.265448248578,12.9691742870718,66.0729501874302,185.697262450289,1.09372999664973,East,0.0,37.308889,127.002,SBIG STX-16803 3 CCD,R,1659PUNKAHARJU,23 29 04,+12 58 07,0.0,NanoFocus,437326,437326,20.04,20.04,TOP-DOWN,2000.0,N.I.N.A. 2.0.2.2017,STX-16803,RiLA600,600,0.618795,,/mnt/Rdata/OBS_data/asteroid/RiLA600_STX-16803_-_1bin/1659PUNKAHARJU_LIGHT_-_2023-10-10_-_RiLA600_STX-16803_-_1bin/master_files_ys/nightskyflat-R.fits,F,adu,5.576779416546742,5.734130255726839,-45.942670549889044,-15.316444095111024
2,/mnt/Rdata/OBS_data/asteroid/RiLA600_STX-16803_-_1bin/1659PUNKAHARJU_LIGHT_-_2023-10-10_-_RiLA600_STX-16803_-_1bin/reduced2/1659PUNKAHARJU_LIGHT_R_2023-10-10-13-55-47_50sec_RiLA600_STX-16803_-30c_1bin.fits,67305600,True,-32,2,4096,4096,2023-11-08T13:27:06,LIGHT,50.0,50.0,2023-10-10T22:55:47.378,2023-10-10T13:55:47.378,1,1,0.0,9.0,9.0,SBIG STX-16803 3 CCD,-30.0,-30.96875,RiLA600,3000,5.0,352.265268406031,12.9692743328432,66.0513271092822,186.318538989872,1.09391283690323,East,0.0,37.308889,127.002,SBIG STX-16803 3 CCD,R,1659PUNKAHARJU,23 29 04,+12 58 07,0.0,NanoFocus,437326,437326,20.44,20.44,TOP-DOWN,2000.0,N.I.N.A. 2.0.2.2017,STX-16803,RiLA600,600,0.618795,,/mnt/Rdata/OBS_data/asteroid/RiLA600_STX-16803_-_1bin/1659PUNKAHARJU_LIGHT_-_2023-10-10_-_RiLA600_STX-16803_-_1bin/master_files_ys/nightskyflat-R.fits,F,adu,5.5859478804416085,5.710973370517145,-49.56910503816857,-15.062427959700244
3,/mnt/Rdata/OBS_data/asteroid/RiLA600_STX-16803_-_1bin/1659PUNKAHARJU_LIGHT_-_2023-10-10_-_RiLA600_STX-16803_-_1bin/reduced2/1659PUNKAHARJU_LIGHT_R_2023-10-10-13-56-49_60sec_RiLA600_STX-16803_-31c_1bin.fits,67305600,True,-32,2,4096,4096,2023-11-08T13:27:06,LIGHT,60.0,60.0,2023-10-10T22:56:49.122,2023-10-10T13:56:49.122,1,1,0.0,9.0,9.0,SBIG STX-16803 3 CCD,-30.0,-31.0625,RiLA600,3000,5.0,352.264938624551,12.9692944285544,66.0233267645815,187.038104513396,1.0941499239933,East,0.0,37.308889,127.002,SBIG STX-16803 3 CCD,R,1659PUNKAHARJU,23 29 04,+12 58 07,0.0,NanoFocus,437326,437326,20.65,20.65,TOP-DOWN,2000.0,N.I.N.A. 2.0.2.2017,STX-16803,RiLA600,600,0.618795,,/mnt/Rdata/OBS_data/asteroid/RiLA600_STX-16803_-_1bin/1659PUNKAHARJU_LIGHT_-_2023-10-10_-_RiLA600_STX-16803_-_1bin/master_files_ys/nightskyflat-R.fits,F,adu,5.592573187227572,5.700902155147318,-53.12848155520612,-14.742385837560903
4,/mnt/Rdata/OBS_data/asteroid/RiLA600_STX-16803_-_1bin/1659PUNKAHARJU_LIGHT_-_2023-10-10_-_RiLA600_STX-16803_-_1bin/reduced2/1659PUNKAHARJU_LIGHT_R_2023-10-10-13-58-00_70sec_RiLA600_STX-16803_-31c_1bin.fits,67305600,True,-32,2,4096,4096,2023-11-08T13:27:07,LIGHT,70.0,70.0,2023-10-10T22:58:00.885,2023-10-10T13:58:00.885,1,1,0.0,9.0,9.0,SBIG STX-16803 3 CCD,-30.0,-31.0,RiLA600,3000,5.0,352.264518973205,12.9695345450277,65.9878580079787,187.85883515784,1.09445077049958,East,0.0,37.308889,127.002,SBIG STX-16803 3 CCD,R,1659PUNKAHARJU,23 29 04,+12 58 07,0.0,NanoFocus,437326,437326,20.84,20.84,TOP-DOWN,2000.0,N.I.N.A. 2.0.2.2017,STX-16803,RiLA600,600,0.618795,,/mnt/Rdata/OBS_data/asteroid/RiLA600_STX-16803_-_1bin/1659PUNKAHARJU_LIGHT_-_2023-10-10_-_RiLA600_STX-16803_-_1bin/master_files_ys/nightskyflat-R.fits,F,adu,5.603982040539677,5.673490544304052,-56.90157795414734,-14.369515295076098
5,/mnt/Rdata/OBS_data/asteroid/RiLA600_STX-16803_-_1bin/1659PUNKAHARJU_LIGHT_-_2023-10-10_-_RiLA600_STX-16803_-_1bin/reduced2/1659PUNKAHARJU_LIGHT_R_2023-10-10-13-59-22_90sec_RiLA600_STX-16803_-30c_1bin.fits,67305600,True,-32,2,4096,4096,2023-11-08T13:27:07,LIGHT,90.0,90.0,2023-10-10T22:59:22.552,2023-10-10T13:59:22.552,1,1,0.0,9.0,9.0,SBIG STX-16803 3 CCD,-30.0,-30.71875,RiLA600,3000,5.0,352.264099283252,12.9696446628331,65.9394519823147,188.850580024092,1.09486229410328,East,0.0,37.308889,127.002,SBIG STX-16803 3 CCD,R,1659PUNKAHARJU,23 29 04,+12 58 07,0.0,NanoFocus,437326,437326,20.8,20.8,TOP-DOWN,2000.0,N.I.N.A. 2.0.2.2017,STX-16803,RiLA600,600,0.618795,,/mnt/Rdata/OBS_data/asteroid/RiLA600_STX-16803_-_1bin/1659PUNKAHARJU_LIGHT_-_2023-10-10_-_RiLA600_STX-16803_-_1bin/master_files_ys/nightskyflat-R.fits,F,adu,5.609147390439375,5.67408095205618,-62.22842475998675,-13.802105032118561
6,/mnt/Rdata/OBS_data/asteroid/RiLA600_STX-16803_-_1bin/1659PUNKAHARJU_LIGHT_-_2023-10-10_-_RiLA600_STX-16803_-_1bin/reduced2/1659PUNKAHARJU_LIGHT_R_2023-10-10-14-01-04_120sec_RiLA600_STX-16803_-30c_1bin.fits,67305600,True,-32,2,4096,4096,2023-11-08T13:27:08,LIGHT,120.0,120.0,2023-10-10T23:01:04.209,2023-10-10T14:01:04.209,1,1,0.0,9.0,9.0,SBIG STX-16803 3 CCD,-30.0,-30.34375,RiLA600,3000,5.0,352.263544680704,12.9697548197141,65.8666250656497,190.156771599255,1.09548348612862,East,0.0,37.308889,127.002,SBIG STX-16803 3 CCD,R,1659PUNKAHARJU,23 29 04,+12 58 07,0.0,NanoFocus,437326,437326,20.75,20.75,TOP-DOWN,2000.0,N.I.N.A. 2.0.2.2017,STX-16803,RiLA600,600,0.618795,,/mnt/Rdata/OBS_data/asteroid/RiLA600_STX-16803_-_1bin/1659PUNKAHARJU_LIGHT_-_2023-10-10_-_RiLA600_STX-16803_-_1bin/master_files_ys/nightskyflat-R.fits,F,adu,5.611561823807278,5.668866731470743,-71.88113489594514,-12.827132021963621
7,/mnt/Rdata/OBS_data/asteroid/RiLA600_STX-16803_-_1bin/1659PUNKAHARJU_LIGHT_-_2023-10-10_-_RiLA600_STX-16803_-_1bin/reduced2/1659PUNKAHARJU_LIGHT_R_2023-10-10-14-03-15_150sec_RiLA600_STX-16803_-30c_1bin.fits,67305600,True,-32,2,4096,4096,2023-11-08T13:27:08,LIGHT,150.0,150.0,2023-10-10T23:03:15.932,2023-10-10T14:03:15.932,1,1,0.0,9.0,9.0,SBIG STX-16803 3 CCD,-30.0,-30.0,RiLA600,3000,5.0,352.262795267884,12.9700650291295,65.7637950174036,191.751387212022,1.09636480964469,East,0.0,37.308889,127.002,SBIG STX-16803 3 CCD,R,1659PUNKAHARJU,23 29 04,+12 58 07,0.0,NanoFocus,437326,437326,20.74,20.74,TOP-DOWN,2000.0,N.I.N.A. 2.0.2.2017,STX-16803,RiLA600,600,0.618795,,/mnt/Rdata/OBS_data/asteroid/RiLA600_STX-16803_-_1bin/1659PUNKAHARJU_LIGHT_-_2023-10-10_-_RiLA600_STX-16803_-_1bin/master_files_ys/nightskyflat-R.fits,F,adu,5.627329820671321,5.6351107263152755,-81.59050601520505,-11.593128310236125
8,/mnt/Rdata/OBS_data/asteroid/RiLA600_STX-16803_-_1bin/1659PUNKAHARJU_LIGHT_-_2023-10-10_-_RiLA600_STX-16803_-_1bin/reduced2/1659PUNKAHARJU_LIGHT_R_2023-10-10-14-05-57_180sec_RiLA600_STX-16803_-30c_1bin.fits,67305600,True,-32,2,4096,4096,2023-11-08T13:27:09,LIGHT,180.0,180.0,2023-10-10T23:05:57.673,2023-10-10T14:05:57.673,1,1,0.0,9.0,9.0,SBIG STX-16803 3 CCD,-30.0,-30.0,RiLA600,3000,5.0,352.261970866538,12.9702552622121,65.6228674611752,193.622284121309,1.09758069764334,East,0.0,37.308889,127.002,SBIG STX-16803 3 CCD,R,1659PUNKAHARJU,23 29 04,+12 58 07,0.0,NanoFocus,437326,437326,20.7,20.7,TOP-DOWN,2000.0,N.I.N.A. 2.0.2.2017,STX-16803,RiLA600,600,0.618795,,/mnt/Rdata/OBS_data/asteroid/RiLA600_STX-16803_-_1bin/1659PUNKAHARJU_LIGHT_-_2023-10-10_-_RiLA600_STX-16803_-_1bin/master_files_ys/nightskyflat-R.fits,F,adu,5.641394523481722,5.607360031564497,-91.0233491602321,-10.033639262658482
9,/mnt/Rdata/OBS_data/asteroid/RiLA600_STX-16803_-_1bin/1659PUNKAHARJU_LIGHT_-_2023-10-10_-_RiLA600_STX-16803_-_1bin/reduced2/1659PUNKAHARJU_LIGHT_R_2023-10-10-14-09-09_210sec_RiLA600_STX-16803_-30c_1bin.fits,67210560,True,-32,2,4096,4096,2023-11-08T13:27:09,LIGHT,210.0,210.0,2023-10-10T23:09:09.365,2023-10-10T14:09:09.365,1,1,0.0,9.0,9.0,SBIG STX-16803 3 CCD,-30.0,-30.0,RiLA600,3000,5.0,352.261026567645,12.9705155275656,65.4347673860273,195.759188421,1.09921814145405,East,0.0,37.308889,127.002,SBIG STX-16803 3 CCD,R,1659PUNKAHARJU,23 29 04,+12 58 07,0.0,NanoFocus,437326,437326,20.33,20.33,TOP-DOWN,2000.0,N.I.N.A. 2.0.2.2017,STX-16803,RiLA600,600,0.618795,,/mnt/Rdata/OBS_data/asteroid/RiLA600_STX-16803_-_1bin/1659PUNKAHARJU_LIGHT_-_2023-10-10_-_RiLA600_STX-16803_-_1bin/master_files_ys/nightskyflat-R.fits,F,adu,,,,
10,/mnt/Rdata/OBS_data/asteroid/RiLA600_STX-16803_-_1bin/1659PUNKAHARJU_LIGHT_-_2023-10-10_-_RiLA600_STX-16803_-_1bin/reduced2/1659PUNKAHARJU_LIGHT_R_2023-10-10-14-12-51_240sec_RiLA600_STX-16803_-30c_1bin.fits,67210560,True,-32,2,4096,4096,2023-11-08T13:27:10,LIGHT,240.0,240.0,2023-10-10T23:12:51.079,2023-10-10T14:12:51.079,1,1,0.0,9.0,9.0,SBIG STX-16803 3 CCD,-30.0,-30.03125,RiLA600,3000,5.0,352.259932356647,12.9707558382109,65.1912009990793,198.128868948378,1.10136333452071,East,0.0,37.308889,127.002,SBIG STX-16803 3 CCD,R,1659PUNKAHARJU,23 29 04,+12 58 07,0.0,NanoFocus,437326,437326,20.54,20.54,TOP-DOWN,2000.0,N.I.N.A. 2.0.2.2017,STX-16803,RiLA600,600,0.618795,,/mnt/Rdata/OBS_data/asteroid/RiLA600_STX-16803_-_1bin/1659PUNKAHARJU_LIGHT_-_2023-10-10_-_RiLA600_STX-16803_-_1bin/master_files_ys/nightskyflat-R.fits,F,adu,,,,
11,/mnt/Rdata/OBS_data/asteroid/RiLA600_STX-16803_-_1bin/1659PUNKAHARJU_LIGHT_-_2023-10-10_-_RiLA600_STX-16803_-_1bin/reduced2/1659PUNKAHARJU_LIGHT_R_2023-10-10-14-17-02_30sec_RiLA600_STX-16803_-30c_1bin.fits,67210560,True,-32,2,4096,4096,2023-11-08T13:27:11,LIGHT,30.0,30.0,2023-10-10T23:17:02.743,2023-10-10T14:17:02.743,1,1,0.0,9.0,9.0,SBIG STX-16803 3 CCD,-30.0,-30.0,RiLA600,3000,5.0,352.259782473239,12.970805879012,65.1468822686931,198.524445602478,1.10175670765305,East,0.0,37.308889,127.002,SBIG STX-16803 3 CCD,R,1659PUNKAHARJU,23 29 04,+12 58 07,0.0,NanoFocus,437326,437326,20.64,20.64,TOP-DOWN,2000.0,N.I.N.A. 2.0.2.2017,STX-16803,RiLA600,600,0.618795,,/mnt/Rdata/OBS_data/asteroid/RiLA600_STX-16803_-_1bin/1659PUNKAHARJU_LIGHT_-_2023-10-10_-_RiLA600_STX-16803_-_1bin/master_files_ys/nightskyflat-R.fits,F,adu,,,,
12,/mnt/Rdata/OBS_data/asteroid/RiLA600_STX-16803_-_1bin/1659PUNKAHARJU_LIGHT_-_2023-10-10_-_RiLA600_STX-16803_-_1bin/reduced2/1659PUNKAHARJU_LIGHT_R_2023-10-10-14-17-44_40sec_RiLA600_STX-16803_-30c_1bin.fits,67210560,True,-32,2,4096,4096,2023-11-08T13:27:11,LIGHT,40.0,40.0,2023-10-10T23:17:44.507,2023-10-10T14:17:44.507,1,1,0.0,9.0,9.0,SBIG STX-16803 3 CCD,-30.0,-30.0,RiLA600,3000,5.0,352.259542623718,12.9707959495521,65.0907580997726,199.011618209855,1.10225621414528,East,0.0,37.308889,127.002,SBIG STX-16803 3 CCD,R,1659PUNKAHARJU,23 29 04,+12 58 07,0.0,NanoFocus,437326,437326,20.35,20.35,TOP-DOWN,2000.0,N.I.N.A. 2.0.2.2017,STX-16803,RiLA600,600,0.618795,,/mnt/Rdata/OBS_data/asteroid/RiLA600_STX-16803_-_1bin/1659PUNKAHARJU_LIGHT_-_2023-10-10_-_RiLA600_STX-16803_-_1bin/master_files_ys/nightskyflat-R.fits,F,adu,,,,
13,/mnt/Rdata/OBS_data/asteroid/RiLA600_STX-16803_-_1bin/1659PUNKAHARJU_LIGHT_-_2023-10-10_-_RiLA600_STX-16803_-_1bin/reduced2/1659PUNKAHARJU_LIGHT_R_2023-10-10-14-18-36_50sec_RiLA600_STX-16803_-30c_1bin.fits,67210560,True,-32,2,4096,4096,2023-11-08T13:27:12,LIGHT,50.0,50.0,2023-10-10T23:18:36.221,2023-10-10T14:18:36.221,1,1,0.0,9.0,9.0,SBIG STX-16803 3 CCD,-30.0,-30.0,RiLA600,3000,5.0,352.259242863278,12.9709360333159,65.0222456100842,199.589295149095,1.10286802339249,East,0.0,37.308889,127.002,SBIG STX-16803 3 CCD,R,1659PUNKAHARJU,23 29 04,+12 58 07,0.0,NanoFocus,437326,437326,20.5,20.5,TOP-DOWN,2000.0,N.I.N.A. 2.0.2.2017,STX-16803,RiLA600,600,0.618795,,/mnt/Rdata/OBS_data/asteroid/RiLA600_STX-16803_-_1bin/1659PUNKAHARJU_LIGHT_-_2023-10-10_-_RiLA600_STX-16803_-_1bin/master_files_ys/nightskyflat-R.fits,F,adu,,,,
14,/mnt/Rdata/OBS_data/asteroid/RiLA600_STX-16803_-_1bin/1659PUNKAHARJU_LIGHT_-_2023-10-10_-_RiLA600_STX-16803_-_1bin/reduced2/1659PUNKAHARJU_LIGHT_R_2023-10-10-14-19-37_60sec_RiLA600_STX-16803_-30c_1bin.fits,67210560,True,-32,2,4096,4096,2023-11-08T13:27:12,LIGHT,60.0,60.0,2023-10-10T23:19:37.924,2023-10-10T14:19:37.924,1,1,0.0,9.0,9.0,SBIG STX-16803 3 CCD,-30.0,-30.03125,RiLA600,3000,5.0,352.258943088351,12.9710261174331,64.9426117517406,200.236870509107,1.10358197936677,East,0.0,37.308889,127.002,SBIG STX-16803 3 CCD,R,1659PUNKAHARJU,23 29 04,+12 58 07,0.0,NanoFocus,437326,437326,20.61,20.61,TOP-DOWN,2000.0,N.I.N.A. 2.0.2.2017,STX-16803,RiLA600,600,0.618795,,/mnt/Rdata/OBS_data/asteroid/RiLA600_STX-16803_-_1bin/1659PUNKAHARJU_LIGHT_-_2023-10-10_-_RiLA600_STX-16803_-_1bin/master_files_ys/nightskyflat-R.fits,F,adu,,,,
15,/mnt/Rdata/OBS_data/asteroid/RiLA600_STX-16803_-_1bin/1659PUNKAHARJU_LIGHT_-_2023-10-10_-_RiLA600_STX-16803_-_1bin/reduced2/1659PUNKAHARJU_LIGHT_R_2023-10-10-14-20-49_70sec_RiLA600_STX-16803_-30c_1bin.fits,67305600,True,-32,2,4096,4096,2023-11-08T13:27:13,LIGHT,70.0,70.0,2023-10-10T23:20:49.590,2023-10-10T14:20:49.590,1,1,0.0,9.0,9.0,SBIG STX-16803 3 CCD,-30.0,-30.03125,RiLA600,3000,5.0,352.258658281393,12.9710361973662,64.8461010349425,200.990615585581,1.10445134025537,East,0.0,37.308889,127.002,SBIG STX-16803 3 CCD,R,1659PUNKAHARJU,23 29 04,+12 58 07,0.0,NanoFocus,437326,437326,20.61,20.61,TOP-DOWN,2000.0,N.I.N.A. 2.0.2.2017,STX-16803,RiLA600,600,0.618795,,/mnt/Rdata/OBS_data/asteroid/RiLA600_STX-16803_-_1bin/1659PUNKAHARJU_LIGHT_-_2023-10-10_-_RiLA600_STX-16803_-_1bin/master_files_ys/nightskyflat-R.fits,F,adu,5.651312695723618,5.563367270026518,-60.29005525120226,-9.654252321015804
16,/mnt/Rdata/OBS_data/asteroid/RiLA600_STX-16803_-_1bin/1659PUNKAHARJU_LIGHT_-_2023-10-10_-_RiLA600_STX-16803_-_1bin/reduced2/1659PUNKAHARJU_LIGHT_R_2023-10-10-14-22-11_90sec_RiLA600_STX-16803_-30c_1bin.fits,67305600,True,-32,2,4096,4096,2023-11-08T13:27:13,LIGHT,90.0,90.0,2023-10-10T23:22:11.271,2023-10-10T14:22:11.271,1,1,0.0,9.0,9.0,SBIG STX-16803 3 CCD,-30.0,-30.03125,RiLA600,3000,5.0,352.258223566468,12.9710463231493,64.7210341306975,201.923416878951,1.10558463362966,East,0.0,37.308889,127.002,SBIG STX-16803 3 CCD,R,1659PUNKAHARJU,23 29 04,+12 58 07,0.0,NanoFocus,437326,437326,20.5,20.5,TOP-DOWN,2000.0,N.I.N.A. 2.0.2.2017,STX-16803,RiLA600,600,0.618795,,/mnt/Rdata/OBS_data/asteroid/RiLA600_STX-16803_-_1bin/1659PUNKAHARJU_LIGHT_-_2023-10-10_-_RiLA600_STX-16803_-_1bin/master_files_ys/nightskyflat-R.fits,F,adu,5.660992788921249,5.563879058608805,-66.15617381215714,-8.526783620750109
17,/mnt/Rdata/OBS_data/asteroid/RiLA600_STX-16803_-_1bin/1659PUNKAHARJU_LIGHT_-_2023-10-10_-_RiLA600_STX-16803_-_1bin/reduced2/1659PUNKAHARJU_LIGHT_R_2023-10-10-14-23-53_120sec_RiLA600_STX-16803_-30c_1bin.fits,67210560,True,-32,2,4096,4096,2023-11-08T13:27:14,LIGHT,120.0,120.0,2023-10-10T23:23:53.002,2023-10-10T14:23:53.002,1,1,0.0,9.0,9.0,SBIG STX-16803 3 CCD,-30.0,-30.0,RiLA600,3000,5.0,352.257624007081,12.9712064933356,64.5519907804547,203.116422595862,1.10712849717333,East,0.0,37.308889,127.002,SBIG STX-16803 3 CCD,R,1659PUNKAHARJU,23 29 04,+12 58 07,0.0,NanoFocus,437326,437326,20.47,20.47,TOP-DOWN,2000.0,N.I.N.A. 2.0.2.2017,STX-16803,RiLA600,600,0.618795,,/mnt/Rdata/OBS_data/asteroid/RiLA600_STX-16803_-_1bin/1659PUNKAHARJU_LIGHT_-_2023-10-10_-_RiLA600_STX-16803_-_1bin/master_files_ys/nightskyflat-R.fits,F,adu,,,,
18,/mnt/Rdata/OBS_data/asteroid/RiLA600_STX-16803_-_1bin/1659PUNKAHARJU_LIGHT_-_2023-10-10_-_RiLA600_STX-16803_-_1bin/reduced2/1659PUNKAHARJU_LIGHT_R_2023-10-10-14-26-04_150sec_RiLA600_STX-16803_-30c_1bin.fits,67210560,True,-32,2,4096,4096,2023-11-08T13:27:14,LIGHT,150.0,150.0,2023-10-10T23:26:04.644,2023-10-10T14:26:04.644,1,1,0.0,9.0,9.0,SBIG STX-16803 3 CCD,-30.0,-30.0,RiLA600,3000,5.0,352.256904477884,12.9712267025432,64.3326547204333,204.5624689163,1.10915250352956,East,0.0,37.308889,127.002,SBIG STX-16803 3 CCD,R,1659PUNKAHARJU,23 29 04,+12 58 07,0.0,NanoFocus,437326,437326,20.32,20.32,TOP-DOWN,2000.0,N.I.N.A. 2.0.2.2017,STX-16803,RiLA600,600,0.618795,,/mnt/Rdata/OBS_data/asteroid/RiLA600_STX-16803_-_1bin/1659PUNKAHARJU_LIGHT_-_2023-10-10_-_RiLA600_STX-16803_-_1bin/master_files_ys/nightskyflat-R.fits,F,adu,,,,
19,/mnt/Rdata/OBS_data/asteroid/RiLA600_STX-16803_-_1bin/1659PUNKAHARJU_LIGHT_-_2023-10-10_-_RiLA600_STX-16803_-_1bin/reduced2/1659PUNKAHARJU_LIGHT_R_2023-10-10-14-28-46_180sec_RiLA600_STX-16803_-30c_1bin.fits,67305600,True,-32,2,4096,4096,2023-11-08T13:27:15,LIGHT,180.0,180.0,2023-10-10T23:28:46.323,2023-10-10T14:28:46.323,1,1,0.0,9.0,9.0,SBIG STX-16803 3 CCD,-30.0,-30.03125,RiLA600,3000,5.0,352.256170042494,12.9714669052463,64.0602970525395,206.227984280573,1.11169878392484,East,0.0,37.308889,127.002,SBIG STX-16803 3 CCD,R,1659PUNKAHARJU,23 29 04,+12 58 07,0.0,NanoFocus,437326,437326,20.5,20.5,TOP-DOWN,2000.0,N.I.N.A. 2.0.2.2017,STX-16803,RiLA600,600,0.618795,,/mnt/Rdata/OBS_data/asteroid/RiLA600_STX-16803_-_1bin/1659PUNKAHARJU_LIGHT_-_2023-10-10_-_RiLA600_STX-16803_-_1bin/master_files_ys/nightskyflat-R.fits,F,adu,5.691519539130923,5.553386500735371,-89.27291832033404,-2.8820953767106516
20,/mnt/Rdata/OBS_data/asteroid/RiLA600_STX-16803_-_1bin/1659PUNKAHARJU_LIGHT_-_2023-10-10_-_RiLA600_STX-16803_-_1bin/reduced2/1659PUNKAHARJU_LIGHT_R_2023-10-10-14-31-58_210sec_RiLA600_STX-16803_0c_1bin.fits,67210560,True,-32,2,4096,4096,2023-11-08T13:27:15,LIGHT,210.0,210.0,2023-10-10T23:31:58.020,2023-10-10T14:31:58.020,1,1,0.0,9.0,9.0,SBIG STX-16803 3 CCD,6.0,-0.75,RiLA600,3000,5.0,352.255180704345,12.9715371917848,63.7206875046951,208.136531854723,1.11492553722337,East,0.0,37.308889,127.002,SBIG STX-16803 3 CCD,R,1659PUNKAHARJU,23 29 04,+12 58 07,0.0,NanoFocus,437326,437326,20.5,20.5,TOP-DOWN,2000.0,N.I.N.A. 2.0.2.2017,STX-16803,RiLA600,600,0.618795,,/mnt/Rdata/OBS_data/asteroid/RiLA600_STX-16803_-_1bin/1659PUNKAHARJU_LIGHT_-_2023-10-10_-_RiLA600_STX-16803_-_1bin/master_files_ys/nightskyflat-R.fits,F,adu,,,,
21,/mnt/Rdata/OBS_data/asteroid/RiLA600_STX-16803_-_1bin/1659PUNKAHARJU_LIGHT_-_2023-10-10_-_RiLA600_STX-16803_-_1bin/reduced2/1659PUNKAHARJU_LIGHT_R_2023-10-10-14-35-39_240sec_RiLA600_STX-16803_9c_1bin.fit,67115520,True,-32,2,4096,4096,2023-11-08T13:27:16,LIGHT,240.0,240.0,2023-10-10T23:35:39.713,2023-10-10T14:35:39.713,1,1,0.0,9.0,9.0,SBIG STX-16803 3 CCD,20.0,9.03125,RiLA600,3000,5.0,352.254131434597,12.9716774911028,63.3094836374807,210.248139877843,1.11891036391626,East,0.0,37.308889,127.002,SBIG STX-16803 3 CCD,R,1659PUNKAHARJU,23 29 04,+12 58 07,0.0,NanoFocus,437326,437326,20.34,20.34,TOP-DOWN,2000.0,N.I.N.A. 2.0.2.2017,STX-16803,RiLA600,600,0.618795,,/mnt/Rdata/OBS_data/asteroid/RiLA600_STX-16803_-_1bin/1659PUNKAHARJU_LIGHT_-_2023-10-10_-_RiLA600_STX-16803_-_1bin/master_files_ys/nightskyflat-R.fits,F,adu,,,,
22,/mnt/Rdata/OBS_data/asteroid/RiLA600_STX-16803_-_1bin/1659PUNKAHARJU_LIGHT_-_2023-10-10_-_RiLA600_STX-16803_-_1bin/reduced2/1659PUNKAHARJU_LIGHT_R_2023-10-10-14-35-39_240sec_RiLA600_STX-16803_9c_1bin.fits,67204800,True,-32,2,4096,4096,2023-11-08T13:27:16,LIGHT,240.0,240.0,2023-10-10T23:35:39.713,2023-10-10T14:35:39.713,1,1,0.0,9.0,9.0,SBIG STX-16803 3 CCD,20.0,9.03125,RiLA600,3000,5.0,352.254131434597,12.9716774911028,63.3094836374807,210.248139877843,1.11891036391626,East,0.0,37.308889,127.002,SBIG STX-16803 3 CCD,R,1659PUNKAHARJU,23 29 04,+12 58 07,0.0,NanoFocus,437326,437326,20.34,20.34,TOP-DOWN,2000.0,N.I.N.A. 2.0.2.2017,STX-16803,RiLA600,600,0.618795,,/mnt/Rdata/OBS_data/asteroid/RiLA600_STX-16803_-_1bin/1659PUNKAHARJU_LIGHT_-_2023-10-10_-_RiLA600_STX-16803_-_1bin/master_files_ys/nightskyflat-R.fits,F,adu,5.715768719030621,5.569807211070312,-103.09499222164675,2.5134110219730132
23,/mnt/Rdata/OBS_data/asteroid/RiLA600_STX-16803_-_1bin/1659PUNKAHARJU_LIGHT_-_2023-10-10_-_RiLA600_STX-16803_-_1bin/reduced2/1659PUNKAHARJU_LIGHT_R_2023-10-10-14-39-51_30sec_RiLA600_STX-16803_10c_1bin.fits,67305600,True,-32,2,4096,4096,2023-11-08T13:27:16,LIGHT,30.0,30.0,2023-10-10T23:39:51.417,2023-10-10T14:39:51.417,1,1,0.0,9.0,9.0,SBIG STX-16803 3 CCD,20.0,10.9375,RiLA600,3000,5.0,352.253906589791,12.9717175571095,63.2415459931704,210.579107736648,1.11957701308429,East,0.0,37.308889,127.002,SBIG STX-16803 3 CCD,R,1659PUNKAHARJU,23 29 04,+12 58 07,0.0,NanoFocus,437326,437326,20.17,20.17,TOP-DOWN,2000.0,N.I.N.A. 2.0.2.2017,STX-16803,RiLA600,600,0.618795,,/mnt/Rdata/OBS_data/asteroid/RiLA600_STX-16803_-_1bin/1659PUNKAHARJU_LIGHT_-_2023-10-10_-_RiLA600_STX-16803_-_1bin/master_files_ys/nightskyflat-R.fits,F,adu,5.687516432853954,5.565695564526862,-49.92972648957391,-7.67156797251161
24,/mnt/Rdata/OBS_data/asteroid/RiLA600_STX-16803_-_1bin/1659PUNKAHARJU_LIGHT_-_2023-10-10_-_RiLA600_STX-16803_-_1bin/reduced2/1659PUNKAHARJU_LIGHT_R_2023-10-10-14-40-33_40sec_RiLA600_STX-16803_12c_1bin.fit,67118400,True,-32,2,4096,4096,2023-11-08T13:27:17,LIGHT,40.0,40.0,2023-10-10T23:40:33.157,2023-10-10T14:40:33.157,1,1,0.0,9.0,9.0,SBIG STX-16803 3 CCD,20.0,12.59375,RiLA600,3000,5.0,352.253636750509,12.9716876382107,63.1528075638845,211.004019551903,1.12045133954727,East,0.0,37.308889,127.002,SBIG STX-16803 3 CCD,R,1659PUNKAHARJU,23 29 04,+12 58 07,0.0,NanoFocus,437326,437326,20.21,20.21,TOP-DOWN,2000.0,N.I.N.A. 2.0.2.2017,STX-16803,RiLA600,600,0.618795,,/mnt/Rdata/OBS_data/asteroid/RiLA600_STX-16803_-_1bin/1659PUNKAHARJU_LIGHT_-_2023-10-10_-_RiLA600_STX-16803_-_1bin/master_files_ys/nightskyflat-R.fits,F,adu,5.709995777463064,5.56876455415825,-52.432595993933546,-6.994689010978448
25,/mnt/Rdata/OBS_data/asteroid/RiLA600_STX-16803_-_1bin/1659PUNKAHARJU_LIGHT_-_2023-10-10_-_RiLA600_STX-16803_-_1bin/reduced2/1659PUNKAHARJU_LIGHT_R_2023-10-10-14-40-33_40sec_RiLA600_STX-16803_12c_1bin.fits,67207680,True,-32,2,4096,4096,2023-11-08T13:27:17,LIGHT,40.0,40.0,2023-10-10T23:40:33.157,2023-10-10T14:40:33.157,1,1,0.0,9.0,9.0,SBIG STX-16803 3 CCD,20.0,12.59375,RiLA600,3000,5.0,352.253636750509,12.9716876382107,63.1528075638845,211.004019551903,1.12045133954727,East,0.0,37.308889,127.002,SBIG STX-16803 3 CCD,R,1659PUNKAHARJU,23 29 04,+12 58 07,0.0,NanoFocus,437326,437326,20.21,20.21,TOP-DOWN,2000.0,N.I.N.A. 2.0.2.2017,STX-16803,RiLA600,600,0.618795,,/mnt/Rdata/OBS_data/asteroid/RiLA600_STX-16803_-_1bin/1659PUNKAHARJU_LIGHT_-_2023-10-10_-_RiLA600_STX-16803_-_1bin/master_files_ys/nightskyflat-R.fits,F,adu,5.702701169460624,5.572868087358316,-52.414590541858956,-6.9938630660561785
26,/mnt/Rdata/OBS_data/asteroid/RiLA600_STX-16803_-_1bin/1659PUNKAHARJU_LIGHT_-_2023-10-10_-_RiLA600_STX-16803_-_1bin/reduced2/1659PUNKAHARJU_LIGHT_R_2023-10-10-14-41-24_50sec_RiLA600_STX-16803_13c_1bin.fit,67115520,True,-32,2,4096,4096,2023-11-08T13:27:17,LIGHT,50.0,50.0,2023-10-10T23:41:24.859,2023-10-10T14:41:24.859,1,1,0.0,9.0,9.0,SBIG STX-16803 3 CCD,20.0,13.875,RiLA600,3000,5.0,352.25339692864,12.9717477050362,63.0451020589152,211.509967230936,1.12151799108332,East,0.0,37.308889,127.002,SBIG STX-16803 3 CCD,R,1659PUNKAHARJU,23 29 04,+12 58 07,0.0,NanoFocus,437326,437326,20.4,20.4,TOP-DOWN,2000.0,N.I.N.A. 2.0.2.2017,STX-16803,RiLA600,600,0.618795,,/mnt/Rdata/OBS_data/asteroid/RiLA600_STX-16803_-_1bin/1659PUNKAHARJU_LIGHT_-_2023-10-10_-_RiLA600_STX-16803_-_1bin/master_files_ys/nightskyflat-R.fits,F,adu,,,,
27,/mnt/Rdata/OBS_data/asteroid/RiLA600_STX-16803_-_1bin/1659PUNKAHARJU_LIGHT_-_2023-10-10_-_RiLA600_STX-16803_-_1bin/reduced2/1659PUNKAHARJU_LIGHT_R_2023-10-10-14-42-26_60sec_RiLA600_STX-16803_15c_1bin.fit,67115520,True,-32,2,4096,4096,2023-11-08T13:27:17,LIGHT,60.0,60.0,2023-10-10T23:42:26.504,2023-10-10T14:42:26.504,1,1,0.0,9.0,9.0,SBIG STX-16803 3 CCD,20.0,15.0,RiLA600,3000,5.0,352.253052131902,12.9716978081791,62.9180632288894,212.092875314962,1.12278381501447,East,0.0,37.308889,127.002,SBIG STX-16803 3 CCD,R,1659PUNKAHARJU,23 29 04,+12 58 07,0.0,NanoFocus,437326,437326,20.11,20.11,TOP-DOWN,2000.0,N.I.N.A. 2.0.2.2017,STX-16803,RiLA600,600,0.618795,,/mnt/Rdata/OBS_data/asteroid/RiLA600_STX-16803_-_1bin/1659PUNKAHARJU_LIGHT_-_2023-10-10_-_RiLA600_STX-16803_-_1bin/master_files_ys/nightskyflat-R.fits,F,adu,,,,
28,/mnt/Rdata/OBS_data/asteroid/RiLA600_STX-16803_-_1bin/1659PUNKAHARJU_LIGHT_-_2023-10-10_-_RiLA600_STX-16803_-_1bin/reduced2/1659PUNKAHARJU_LIGHT_R_2023-10-10-14-43-38_70sec_RiLA600_STX-16803_15c_1bin.fit,67115520,True,-32,2,4096,4096,2023-11-08T13:27:18,LIGHT,70.0,70.0,2023-10-10T23:43:38.259,2023-10-10T14:43:38.259,1,1,0.0,9.0,9.0,SBIG STX-16803 3 CCD,20.0,15.90625,RiLA600,3000,5.0,352.25275234746,12.9717478918477,62.7704857109648,212.752986485329,1.12426481223091,East,0.0,37.308889,127.002,SBIG STX-16803 3 CCD,R,1659PUNKAHARJU,23 29 04,+12 58 07,0.0,NanoFocus,437326,437326,20.32,20.32,TOP-DOWN,2000.0,N.I.N.A. 2.0.2.2017,STX-16803,RiLA600,600,0.618795,,/mnt/Rdata/OBS_data/asteroid/RiLA600_STX-16803_-_1bin/1659PUNKAHARJU_LIGHT_-_2023-10-10_-_RiLA600_STX-16803_-_1bin/master_files_ys/nightskyflat-R.fits,F,adu,,,,
29,/mnt/Rdata/OBS_data/asteroid/RiLA600_STX-16803_-_1bin/1659PUNKAHARJU_LIGHT_-_2023-10-10_-_RiLA600_STX-16803_-_1bin/reduced2/1659PUNKAHARJU_LIGHT_R_2023-10-10-14-44-59_90sec_RiLA600_STX-16803_10c_1bin.fit,67115520,True,-32,2,4096,4096,2023-11-08T13:27:18,LIGHT,90.0,90.0,2023-10-10T23:44:59.968,2023-10-10T14:44:59.968,1,1,0.0,9.0,9.0,SBIG STX-16803 3 CCD,10.0,10.75,RiLA600,3000,5.0,352.252317635531,12.9717680178056,62.587297906391,213.547825058333,1.12611899989559,East,0.0,37.308889,127.002,SBIG STX-16803 3 CCD,R,1659PUNKAHARJU,23 29 04,+12 58 07,0.0,NanoFocus,437326,437326,20.12,20.12,TOP-DOWN,2000.0,N.I.N.A. 2.0.2.2017,STX-16803,RiLA600,600,0.618795,,/mnt/Rdata/OBS_data/asteroid/RiLA600_STX-16803_-_1bin/1659PUNKAHARJU_LIGHT_-_2023-10-10_-_RiLA600_STX-16803_-_1bin/master_files_ys/nightskyflat-R.fits,F,adu,,,,
30,/mnt/Rdata/OBS_data/asteroid/RiLA600_STX-16803_-_1bin/1659PUNKAHARJU_LIGHT_-_2023-10-10_-_RiLA600_STX-16803_-_1bin/reduced2/1659PUNKAHARJU_LIGHT_R_2023-10-10-14-46-41_120sec_RiLA600_STX-16803_2c_1bin.fit,67115520,True,-32,2,4096,4096,2023-11-08T13:27:18,LIGHT,120.0,120.0,2023-10-10T23:46:41.675,2023-10-10T14:46:41.675,1,1,0.0,9.0,9.0,SBIG STX-16803 3 CCD,2.0,2.3125,RiLA600,3000,5.0,352.251762995783,12.971768178674,62.3398694962369,214.58175746234,1.12865145690177,East,0.0,37.308889,127.002,SBIG STX-16803 3 CCD,R,1659PUNKAHARJU,23 29 04,+12 58 07,0.0,NanoFocus,437326,437326,20.2,20.2,TOP-DOWN,2000.0,N.I.N.A. 2.0.2.2017,STX-16803,RiLA600,600,0.618795,,/mnt/Rdata/OBS_data/asteroid/RiLA600_STX-16803_-_1bin/1659PUNKAHARJU_LIGHT_-_2023-10-10_-_RiLA600_STX-16803_-_1bin/master_files_ys/nightskyflat-R.fits,F,adu,,,,
31,/mnt/Rdata/OBS_data/asteroid/RiLA600_STX-16803_-_1bin/1659PUNKAHARJU_LIGHT_-_2023-10-10_-_RiLA600_STX-16803_-_1bin/reduced2/1659PUNKAHARJU_LIGHT_R_2023-10-10-14-48-53_150sec_RiLA600_STX-16803_-6c_1bin.fit,67118400,True,-32,2,4096,4096,2023-11-08T13:27:19,LIGHT,150.0,150.0,2023-10-10T23:48:53.430,2023-10-10T14:48:53.430,1,1,0.0,9.0,9.0,SBIG STX-16803 3 CCD,-7.0,-6.09375,RiLA600,3000,5.0,352.25107345676,12.9718083777482,62.0277096297958,215.827564454894,1.13189286372767,East,0.0,37.308889,127.002,SBIG STX-16803 3 CCD,R,1659PUNKAHARJU,23 29 04,+12 58 07,0.0,NanoFocus,437326,437326,20.44,20.44,TOP-DOWN,2000.0,N.I.N.A. 2.0.2.2017,STX-16803,RiLA600,600,0.618795,,/mnt/Rdata/OBS_data/asteroid/RiLA600_STX-16803_-_1bin/1659PUNKAHARJU_LIGHT_-_2023-10-10_-_RiLA600_STX-16803_-_1bin/master_files_ys/nightskyflat-R.fits,F,adu,5.7402222203984365,5.584379734907756,-77.1545560360687,1.2367679541129917
32,/mnt/Rdata/OBS_data/asteroid/RiLA600_STX-16803_-_1bin/1659PUNKAHARJU_LIGHT_-_2023-10-10_-_RiLA600_STX-16803_-_1bin/reduced2/1659PUNKAHARJU_LIGHT_R_2023-10-10-14-48-53_150sec_RiLA600_STX-16803_-6c_1bin.fits,67207680,True,-32,2,4096,4096,2023-11-08T13:27:19,LIGHT,150.0,150.0,2023-10-10T23:48:53.430,2023-10-10T14:48:53.430,1,1,0.0,9.0,9.0,SBIG STX-16803 3 CCD,-7.0,-6.09375,RiLA600,3000,5.0,352.25107345676,12.9718083777482,62.0277096297958,215.827564454894,1.13189286372767,East,0.0,37.308889,127.002,SBIG STX-16803 3 CCD,R,1659PUNKAHARJU,23 29 04,+12 58 07,0.0,NanoFocus,437326,437326,20.44,20.44,TOP-DOWN,2000.0,N.I.N.A. 2.0.2.2017,STX-16803,RiLA600,600,0.618795,,/mnt/Rdata/OBS_data/asteroid/RiLA600_STX-16803_-_1bin/1659PUNKAHARJU_LIGHT_-_2023-10-10_-_RiLA600_STX-16803_-_1bin/master_files_ys/nightskyflat-R.fits,F,adu,5.734406834399124,5.5878593431082635,-77.14040572597128,1.2372254692225226
33,/mnt/Rdata/OBS_data/asteroid/RiLA600_STX-16803_-_1bin/1659PUNKAHARJU_LIGHT_-_2023-10-10_-_RiLA600_STX-16803_-_1bin/reduced2/1659PUNKAHARJU_LIGHT_R_2023-10-10-14-51-35_180sec_RiLA600_STX-16803_-17c_1bin.fits,67210560,True,-32,2,4096,4096,2023-11-08T13:27:19,LIGHT,180.0,180.0,2023-10-10T23:51:35.160,2023-10-10T14:51:35.160,1,1,0.0,9.0,9.0,SBIG STX-16803 3 CCD,-19.0,-17.8125,RiLA600,3000,5.0,352.250219014866,12.9718286267821,61.6450428990467,217.274808957318,1.13593792993017,East,0.0,37.308889,127.002,SBIG STX-16803 3 CCD,R,1659PUNKAHARJU,23 29 04,+12 58 07,0.0,NanoFocus,437326,437326,20.45,20.45,TOP-DOWN,2000.0,N.I.N.A. 2.0.2.2017,STX-16803,RiLA600,600,0.618795,,/mnt/Rdata/OBS_data/asteroid/RiLA600_STX-16803_-_1bin/1659PUNKAHARJU_LIGHT_-_2023-10-10_-_RiLA600_STX-16803_-_1bin/master_files_ys/nightskyflat-R.fits,F,adu,,,,
34,/mnt/Rdata/OBS_data/asteroid/RiLA600_STX-16803_-_1bin/1659PUNKAHARJU_LIGHT_-_2023-10-10_-_RiLA600_STX-16803_-_1bin/reduced2/1659PUNKAHARJU_LIGHT_R_2023-10-10-14-54-46_210sec_RiLA600_STX-16803_-20c_1bin.fits,67210560,True,-32,2,4096,4096,2023-11-08T13:27:20,LIGHT,210.0,210.0,2023-10-10T23:54:46.890,2023-10-10T14:54:46.890,1,1,0.0,9.0,9.0,SBIG STX-16803 3 CCD,-20.0,-20.0,RiLA600,3000,5.0,352.249259614715,12.9717689084074,61.1899323258283,218.895111216955,1.14085293084069,East,0.0,37.308889,127.002,SBIG STX-16803 3 CCD,R,1659PUNKAHARJU,23 29 04,+12 58 07,0.0,NanoFocus,437326,437326,20.34,20.34,TOP-DOWN,2000.0,N.I.N.A. 2.0.2.2017,STX-16803,RiLA600,600,0.618795,,/mnt/Rdata/OBS_data/asteroid/RiLA600_STX-16803_-_1bin/1659PUNKAHARJU_LIGHT_-_2023-10-10_-_RiLA600_STX-16803_-_1bin/master_files_ys/nightskyflat-R.fits,F,adu,,,,
35,/mnt/Rdata/OBS_data/asteroid/RiLA600_STX-16803_-_1bin/1659PUNKAHARJU_LIGHT_-_2023-10-10_-_RiLA600_STX-16803_-_1bin/reduced2/1659PUNKAHARJU_LIGHT_R_2023-10-10-14-58-28_240sec_RiLA600_STX-16803_-20c_1bin.fits,67305600,True,-32,2,4096,4096,2023-11-08T13:27:20,LIGHT,240.0,240.0,2023-10-10T23:58:28.580,2023-10-10T14:58:28.580,1,1,0.0,9.0,9.0,SBIG STX-16803 3 CCD,-20.0,-20.03125,RiLA600,3000,5.0,352.248195285158,12.9717092195026,60.6503126630484,220.693478881689,1.14682996113334,East,0.0,37.308889,127.002,SBIG STX-16803 3 CCD,R,1659PUNKAHARJU,23 29 04,+12 58 07,0.0,NanoFocus,437326,437326,20.28,20.28,TOP-DOWN,2000.0,N.I.N.A. 2.0.2.2017,STX-16803,RiLA600,600,0.618795,,/mnt/Rdata/OBS_data/asteroid/RiLA600_STX-16803_-_1bin/1659PUNKAHARJU_LIGHT_-_2023-10-10_-_RiLA600_STX-16803_-_1bin/master_files_ys/nightskyflat-R.fits,F,adu,5.768777964563014,5.647153319448108,-92.80087787780417,9.685948879309478
36,/mnt/Rdata/OBS_data/asteroid/RiLA600_STX-16803_-_1bin/1659PUNKAHARJU_LIGHT_-_2023-10-10_-_RiLA600_STX-16803_-_1bin/reduced2/1659PUNKAHARJU_LIGHT_R_2023-10-10-15-02-40_30sec_RiLA600_STX-16803_-20c_1bin.fits,67210560,True,-32,2,4096,4096,2023-11-08T13:27:21,LIGHT,30.0,30.0,2023-10-11T00:02:40.322,2023-10-10T15:02:40.322,1,1,0.0,9.0,9.0,SBIG STX-16803 3 CCD,-20.0,-20.03125,RiLA600,3000,5.0,352.248000393082,12.9716592783612,60.5579752554261,220.989039601885,1.14786920437411,East,0.0,37.308889,127.002,SBIG STX-16803 3 CCD,R,1659PUNKAHARJU,23 29 04,+12 58 07,0.0,NanoFocus,437326,437326,20.3,20.3,TOP-DOWN,2000.0,N.I.N.A. 2.0.2.2017,STX-16803,RiLA600,600,0.618795,,/mnt/Rdata/OBS_data/asteroid/RiLA600_STX-16803_-_1bin/1659PUNKAHARJU_LIGHT_-_2023-10-10_-_RiLA600_STX-16803_-_1bin/master_files_ys/nightskyflat-R.fits,F,adu,,,,
37,/mnt/Rdata/OBS_data/asteroid/RiLA600_STX-16803_-_1bin/1659PUNKAHARJU_LIGHT_-_2023-10-10_-_RiLA600_STX-16803_-_1bin/reduced2/1659PUNKAHARJU_LIGHT_R_2023-10-10-15-03-21_40sec_RiLA600_STX-16803_-20c_1bin.fits,67210560,True,-32,2,4096,4096,2023-11-08T13:27:21,LIGHT,40.0,40.0,2023-10-11T00:03:21.962,2023-10-10T15:03:21.962,1,1,0.0,9.0,9.0,SBIG STX-16803 3 CCD,-20.0,-20.03125,RiLA600,3000,5.0,352.247760550668,12.9716693484617,60.4439320944304,221.349823820171,1.14915945767905,East,0.0,37.308889,127.002,SBIG STX-16803 3 CCD,R,1659PUNKAHARJU,23 29 04,+12 58 07,0.0,NanoFocus,437326,437326,20.34,20.34,TOP-DOWN,2000.0,N.I.N.A. 2.0.2.2017,STX-16803,RiLA600,600,0.618795,,/mnt/Rdata/OBS_data/asteroid/RiLA600_STX-16803_-_1bin/1659PUNKAHARJU_LIGHT_-_2023-10-10_-_RiLA600_STX-16803_-_1bin/master_files_ys/nightskyflat-R.fits,F,adu,,,,
38,/mnt/Rdata/OBS_data/asteroid/RiLA600_STX-16803_-_1bin/1659PUNKAHARJU_LIGHT_-_2023-10-10_-_RiLA600_STX-16803_-_1bin/reduced2/1659PUNKAHARJU_LIGHT_R_2023-10-10-15-04-13_50sec_RiLA600_STX-16803_-20c_1bin.fits,67210560,True,-32,2,4096,4096,2023-11-08T13:27:22,LIGHT,50.0,50.0,2023-10-11T00:04:13.633,2023-10-10T15:04:13.633,1,1,0.0,9.0,9.0,SBIG STX-16803 3 CCD,-20.0,-20.0,RiLA600,3000,5.0,352.247565695765,12.9717094016442,60.3100013846705,221.767279634725,1.15068423356511,East,0.0,37.308889,127.002,SBIG STX-16803 3 CCD,R,1659PUNKAHARJU,23 29 04,+12 58 07,0.0,NanoFocus,437326,437326,20.33,20.33,TOP-DOWN,2000.0,N.I.N.A. 2.0.2.2017,STX-16803,RiLA600,600,0.618795,,/mnt/Rdata/OBS_data/asteroid/RiLA600_STX-16803_-_1bin/1659PUNKAHARJU_LIGHT_-_2023-10-10_-_RiLA600_STX-16803_-_1bin/master_files_ys/nightskyflat-R.fits,F,adu,,,,
39,/mnt/Rdata/OBS_data/asteroid/RiLA600_STX-16803_-_1bin/1659PUNKAHARJU_LIGHT_-_2023-10-10_-_RiLA600_STX-16803_-_1bin/reduced2/1659PUNKAHARJU_LIGHT_R_2023-10-10-15-05-15_60sec_RiLA600_STX-16803_-20c_1bin.fits,67210560,True,-32,2,4096,4096,2023-11-08T13:27:23,LIGHT,60.0,60.0,2023-10-11T00:05:15.311,2023-10-10T15:05:15.311,1,1,0.0,9.0,9.0,SBIG STX-16803 3 CCD,-20.0,-20.03125,RiLA600,3000,5.0,352.247190916206,12.9716595147437,60.1487060823909,222.261411149576,1.15253427817923,East,0.0,37.308889,127.002,SBIG STX-16803 3 CCD,R,1659PUNKAHARJU,23 29 04,+12 58 07,0.0,NanoFocus,437326,437326,20.43,20.43,TOP-DOWN,2000.0,N.I.N.A. 2.0.2.2017,STX-16803,RiLA600,600,0.618795,,/mnt/Rdata/OBS_data/asteroid/RiLA600_STX-16803_-_1bin/1659PUNKAHARJU_LIGHT_-_2023-10-10_-_RiLA600_STX-16803_-_1bin/master_files_ys/nightskyflat-R.fits,F,adu,,,,
40,/mnt/Rdata/OBS_data/asteroid/RiLA600_STX-16803_-_1bin/1659PUNKAHARJU_LIGHT_-_2023-10-10_-_RiLA600_STX-16803_-_1bin/reduced2/1659PUNKAHARJU_LIGHT_R_2023-10-10-15-06-26_70sec_RiLA600_STX-16803_-20c_1bin.fits,67210560,True,-32,2,4096,4096,2023-11-08T13:27:23,LIGHT,70.0,70.0,2023-10-11T00:06:26.981,2023-10-10T15:06:26.981,1,1,0.0,9.0,9.0,SBIG STX-16803 3 CCD,-20.0,-20.0,RiLA600,3000,5.0,352.246906075161,12.9715695981474,59.9632586020408,222.81812293961,1.15468000897636,East,0.0,37.308889,127.002,SBIG STX-16803 3 CCD,R,1659PUNKAHARJU,23 29 04,+12 58 07,0.0,NanoFocus,437326,437326,20.42,20.42,TOP-DOWN,2000.0,N.I.N.A. 2.0.2.2017,STX-16803,RiLA600,600,0.618795,,/mnt/Rdata/OBS_data/asteroid/RiLA600_STX-16803_-_1bin/1659PUNKAHARJU_LIGHT_-_2023-10-10_-_RiLA600_STX-16803_-_1bin/master_files_ys/nightskyflat-R.fits,F,adu,,,,
41,/mnt/Rdata/OBS_data/asteroid/RiLA600_STX-16803_-_1bin/1659PUNKAHARJU_LIGHT_-_2023-10-10_-_RiLA600_STX-16803_-_1bin/reduced2/1659PUNKAHARJU_LIGHT_R_2023-10-10-15-07-48_90sec_RiLA600_STX-16803_-20c_1bin.fits,67210560,True,-32,2,4096,4096,2023-11-08T13:27:24,LIGHT,90.0,90.0,2023-10-11T00:07:48.700,2023-10-10T15:07:48.700,1,1,0.0,9.0,9.0,SBIG STX-16803 3 CCD,-20.0,-20.0,RiLA600,3000,5.0,352.246486345239,12.97155972005,59.7301596026317,223.50215415483,1.15740564140699,East,0.0,37.308889,127.002,SBIG STX-16803 3 CCD,R,1659PUNKAHARJU,23 29 04,+12 58 07,0.0,NanoFocus,437326,437326,20.44,20.44,TOP-DOWN,2000.0,N.I.N.A. 2.0.2.2017,STX-16803,RiLA600,600,0.618795,,/mnt/Rdata/OBS_data/asteroid/RiLA600_STX-16803_-_1bin/1659PUNKAHARJU_LIGHT_-_2023-10-10_-_RiLA600_STX-16803_-_1bin/master_files_ys/nightskyflat-R.fits,F,adu,,,,
42,/mnt/Rdata/OBS_data/asteroid/RiLA600_STX-16803_-_1bin/1659PUNKAHARJU_LIGHT_-_2023-10-10_-_RiLA600_STX-16803_-_1bin/reduced2/1659PUNKAHARJU_LIGHT_R_2023-10-10-15-09-30_120sec_RiLA600_STX-16803_-20c_1bin.fits,67305600,True,-32,2,4096,4096,2023-11-08T13:27:24,LIGHT,120.0,120.0,2023-10-11T00:09:30.455,2023-10-10T15:09:30.455,1,1,0.0,9.0,9.0,SBIG STX-16803 3 CCD,-20.0,-20.0,RiLA600,3000,5.0,352.245856737971,12.9715299066846,59.4236055847844,224.375894026882,1.16103908947119,East,0.0,37.308889,127.002,SBIG STX-16803 3 CCD,R,1659PUNKAHARJU,23 29 04,+12 58 07,0.0,NanoFocus,437326,437326,20.53,20.53,TOP-DOWN,2000.0,N.I.N.A. 2.0.2.2017,STX-16803,RiLA600,600,0.618795,,/mnt/Rdata/OBS_data/asteroid/RiLA600_STX-16803_-_1bin/1659PUNKAHARJU_LIGHT_-_2023-10-10_-_RiLA600_STX-16803_-_1bin/master_files_ys/nightskyflat-R.fits,F,adu,5.777986848702312,5.702176684772837,-64.68955854708383,4.15104469135855
43,/mnt/Rdata/OBS_data/asteroid/RiLA600_STX-16803_-_1bin/1659PUNKAHARJU_LIGHT_-_2023-10-10_-_RiLA600_STX-16803_-_1bin/reduced2/1659PUNKAHARJU_LIGHT_R_2023-10-10-15-11-42_150sec_RiLA600_STX-16803_-20c_1bin.fits,67210560,True,-32,2,4096,4096,2023-11-08T13:27:25,LIGHT,150.0,150.0,2023-10-11T00:11:42.121,2023-10-10T15:11:42.121,1,1,0.0,9.0,9.0,SBIG STX-16803 3 CCD,-20.0,-20.0,RiLA600,3000,5.0,352.245197102284,12.9713401039412,59.0452689316381,225.416055209611,1.1656009530057,East,0.0,37.308889,127.002,SBIG STX-16803 3 CCD,R,1659PUNKAHARJU,23 29 04,+12 58 07,0.0,NanoFocus,437326,437326,20.57,20.57,TOP-DOWN,2000.0,N.I.N.A. 2.0.2.2017,STX-16803,RiLA600,600,0.618795,,/mnt/Rdata/OBS_data/asteroid/RiLA600_STX-16803_-_1bin/1659PUNKAHARJU_LIGHT_-_2023-10-10_-_RiLA600_STX-16803_-_1bin/master_files_ys/nightskyflat-R.fits,F,adu,,,,
44,/mnt/Rdata/OBS_data/asteroid/RiLA600_STX-16803_-_1bin/1659PUNKAHARJU_LIGHT_-_2023-10-10_-_RiLA600_STX-16803_-_1bin/reduced2/1659PUNKAHARJU_LIGHT_R_2023-10-10-15-14-23_180sec_RiLA600_STX-16803_-20c_1bin.fits,67210560,True,-32,2,4096,4096,2023-11-08T13:27:25,LIGHT,180.0,180.0,2023-10-11T00:14:23.814,2023-10-10T15:14:23.814,1,1,0.0,9.0,9.0,SBIG STX-16803 3 CCD,-20.0,-20.0,RiLA600,3000,5.0,352.244327624473,12.97123036243,58.5827458649884,226.636092642308,1.17129633366402,East,0.0,37.308889,127.002,SBIG STX-16803 3 CCD,R,1659PUNKAHARJU,23 29 04,+12 58 07,0.0,NanoFocus,437326,437326,20.69,20.69,TOP-DOWN,2000.0,N.I.N.A. 2.0.2.2017,STX-16803,RiLA600,600,0.618795,,/mnt/Rdata/OBS_data/asteroid/RiLA600_STX-16803_-_1bin/1659PUNKAHARJU_LIGHT_-_2023-10-10_-_RiLA600_STX-16803_-_1bin/master_files_ys/nightskyflat-R.fits,F,adu,,,,
45,/mnt/Rdata/OBS_data/asteroid/RiLA600_STX-16803_-_1bin/1659PUNKAHARJU_LIGHT_-_2023-10-10_-_RiLA600_STX-16803_-_1bin/reduced2/1659PUNKAHARJU_LIGHT_R_2023-10-10-15-17-35_210sec_RiLA600_STX-16803_-20c_1bin.fits,67210560,True,-32,2,4096,4096,2023-11-08T13:27:26,LIGHT,210.0,210.0,2023-10-11T00:17:35.478,2023-10-10T15:17:35.478,1,1,0.0,9.0,9.0,SBIG STX-16803 3 CCD,-20.0,-20.0,RiLA600,3000,5.0,352.243398163488,12.9710406385569,58.0368516560681,228.008975906842,1.17818937111271,East,0.0,37.308889,127.002,SBIG STX-16803 3 CCD,R,1659PUNKAHARJU,23 29 04,+12 58 07,0.0,NanoFocus,437326,437326,20.7,20.7,TOP-DOWN,2000.0,N.I.N.A. 2.0.2.2017,STX-16803,RiLA600,600,0.618795,,/mnt/Rdata/OBS_data/asteroid/RiLA600_STX-16803_-_1bin/1659PUNKAHARJU_LIGHT_-_2023-10-10_-_RiLA600_STX-16803_-_1bin/master_files_ys/nightskyflat-R.fits,F,adu,,,,
46,/mnt/Rdata/OBS_data/asteroid/RiLA600_STX-16803_-_1bin/1659PUNKAHARJU_LIGHT_-_2023-10-10_-_RiLA600_STX-16803_-_1bin/reduced2/1659PUNKAHARJU_LIGHT_R_2023-10-10-15-21-17_240sec_RiLA600_STX-16803_-20c_1bin.fits,67305600,True,-32,2,4096,4096,2023-11-08T13:27:26,LIGHT,240.0,240.0,2023-10-11T00:21:17.178,2023-10-10T15:21:17.178,1,1,0.0,9.0,9.0,SBIG STX-16803 3 CCD,-20.0,-20.0,RiLA600,3000,5.0,352.242288825444,12.9708809680819,57.4025159574115,229.522747960136,1.1864375171003,East,0.0,37.308889,127.002,SBIG STX-16803 3 CCD,R,1659PUNKAHARJU,23 29 04,+12 58 07,0.0,NanoFocus,437326,437326,20.73,20.73,TOP-DOWN,2000.0,N.I.N.A. 2.0.2.2017,STX-16803,RiLA600,600,0.618795,,/mnt/Rdata/OBS_data/asteroid/RiLA600_STX-16803_-_1bin/1659PUNKAHARJU_LIGHT_-_2023-10-10_-_RiLA600_STX-16803_-_1bin/master_files_ys/nightskyflat-R.fits,F,adu,5.817930728396732,5.806760622138967,-81.91162888358463,15.86716912628333
47,/mnt/Rdata/OBS_data/asteroid/RiLA600_STX-16803_-_1bin/1659PUNKAHARJU_LIGHT_-_2023-10-10_-_RiLA600_STX-16803_-_1bin/reduced2/1659PUNKAHARJU_LIGHT_R_2023-10-10-15-25-28_30sec_RiLA600_STX-16803_-20c_1bin.fits,67210560,True,-32,2,4096,4096,2023-11-08T13:27:27,LIGHT,30.0,30.0,2023-10-11T00:25:28.835,2023-10-10T15:25:28.835,1,1,0.0,9.0,9.0,SBIG STX-16803 3 CCD,-20.0,-20.0,RiLA600,3000,5.0,352.242108904202,12.970771024055,57.2948805695762,229.77132102375,1.18786300029032,East,0.0,37.308889,127.002,SBIG STX-16803 3 CCD,R,1659PUNKAHARJU,23 29 04,+12 58 07,0.0,NanoFocus,437326,437326,20.68,20.68,TOP-DOWN,2000.0,N.I.N.A. 2.0.2.2017,STX-16803,RiLA600,600,0.618795,,/mnt/Rdata/OBS_data/asteroid/RiLA600_STX-16803_-_1bin/1659PUNKAHARJU_LIGHT_-_2023-10-10_-_RiLA600_STX-16803_-_1bin/master_files_ys/nightskyflat-R.fits,F,adu,,,,
48,/mnt/Rdata/OBS_data/asteroid/RiLA600_STX-16803_-_1bin/1659PUNKAHARJU_LIGHT_-_2023-10-10_-_RiLA600_STX-16803_-_1bin/reduced2/1659PUNKAHARJU_LIGHT_R_2023-10-10-15-26-10_40sec_RiLA600_STX-16803_-20c_1bin.fits,67210560,True,-32,2,4096,4096,2023-11-08T13:27:27,LIGHT,40.0,40.0,2023-10-11T00:26:10.568,2023-10-10T15:26:10.568,1,1,0.0,9.0,9.0,SBIG STX-16803 3 CCD,-20.0,-20.03125,RiLA600,3000,5.0,352.241914021821,12.9707410811327,57.1667082716205,230.064734642789,1.18957040637318,East,0.0,37.308889,127.002,SBIG STX-16803 3 CCD,R,1659PUNKAHARJU,23 29 04,+12 58 07,0.0,NanoFocus,437326,437326,20.66,20.66,TOP-DOWN,2000.0,N.I.N.A. 2.0.2.2017,STX-16803,RiLA600,600,0.618795,,/mnt/Rdata/OBS_data/asteroid/RiLA600_STX-16803_-_1bin/1659PUNKAHARJU_LIGHT_-_2023-10-10_-_RiLA600_STX-16803_-_1bin/master_files_ys/nightskyflat-R.fits,F,adu,,,,
49,/mnt/Rdata/OBS_data/asteroid/RiLA600_STX-16803_-_1bin/1659PUNKAHARJU_LIGHT_-_2023-10-10_-_RiLA600_STX-16803_-_1bin/reduced2/1659PUNKAHARJU_LIGHT_R_2023-10-10-15-27-02_50sec_RiLA600_STX-16803_-20c_1bin.fits,67210560,True,-32,2,4096,4096,2023-11-08T13:27:28,LIGHT,50.0,50.0,2023-10-11T00:27:02.296,2023-10-10T15:27:02.296,1,1,0.0,9.0,9.0,SBIG STX-16803 3 CCD,-20.0,-20.0,RiLA600,3000,5.0,352.241659167335,12.9706811569556,57.0070058328536,230.425969781729,1.19171304205776,East,0.0,37.308889,127.002,SBIG STX-16803 3 CCD,R,1659PUNKAHARJU,23 29 04,+12 58 07,0.0,NanoFocus,437326,437326,20.65,20.65,TOP-DOWN,2000.0,N.I.N.A. 2.0.2.2017,STX-16803,RiLA600,600,0.618795,,/mnt/Rdata/OBS_data/asteroid/RiLA600_STX-16803_-_1bin/1659PUNKAHARJU_LIGHT_-_2023-10-10_-_RiLA600_STX-16803_-_1bin/master_files_ys/nightskyflat-R.fits,F,adu,,,,
50,/mnt/Rdata/OBS_data/asteroid/RiLA600_STX-16803_-_1bin/1659PUNKAHARJU_LIGHT_-_2023-10-10_-_RiLA600_STX-16803_-_1bin/reduced2/1659PUNKAHARJU_LIGHT_R_2023-10-10-15-28-03_60sec_RiLA600_STX-16803_-20c_1bin.fits,67210560,True,-32,2,4096,4096,2023-11-08T13:27:29,LIGHT,60.0,60.0,2023-10-11T00:28:03.967,2023-10-10T15:28:03.967,1,1,0.0,9.0,9.0,SBIG STX-16803 3 CCD,-20.0,-20.0,RiLA600,3000,5.0,352.241284370645,12.9705812718203,56.8206171106137,230.841623147061,1.19423521079023,East,0.0,37.308889,127.002,SBIG STX-16803 3 CCD,R,1659PUNKAHARJU,23 29 04,+12 58 07,0.0,NanoFocus,437326,437326,20.63,20.63,TOP-DOWN,2000.0,N.I.N.A. 2.0.2.2017,STX-16803,RiLA600,600,0.618795,,/mnt/Rdata/OBS_data/asteroid/RiLA600_STX-16803_-_1bin/1659PUNKAHARJU_LIGHT_-_2023-10-10_-_RiLA600_STX-16803_-_1bin/master_files_ys/nightskyflat-R.fits,F,adu,,,,
51,/mnt/Rdata/OBS_data/asteroid/RiLA600_STX-16803_-_1bin/1659PUNKAHARJU_LIGHT_-_2023-10-10_-_RiLA600_STX-16803_-_1bin/reduced2/1659PUNKAHARJU_LIGHT_R_2023-10-10-15-29-15_70sec_RiLA600_STX-16803_-20c_1bin.fits,67210560,True,-32,2,4096,4096,2023-11-08T13:27:29,LIGHT,70.0,70.0,2023-10-11T00:29:15.659,2023-10-10T15:29:15.659,1,1,0.0,9.0,9.0,SBIG STX-16803 3 CCD,-20.0,-20.0,RiLA600,3000,5.0,352.240954544922,12.9704613710727,56.6072053248868,231.310019496593,1.19715173095409,East,0.0,37.308889,127.002,SBIG STX-16803 3 CCD,R,1659PUNKAHARJU,23 29 04,+12 58 07,0.0,NanoFocus,437326,437326,20.59,20.59,TOP-DOWN,2000.0,N.I.N.A. 2.0.2.2017,STX-16803,RiLA600,600,0.618795,,/mnt/Rdata/OBS_data/asteroid/RiLA600_STX-16803_-_1bin/1659PUNKAHARJU_LIGHT_-_2023-10-10_-_RiLA600_STX-16803_-_1bin/master_files_ys/nightskyflat-R.fits,F,adu,,,,
52,/mnt/Rdata/OBS_data/asteroid/RiLA600_STX-16803_-_1bin/1659PUNKAHARJU_LIGHT_-_2023-10-10_-_RiLA600_STX-16803_-_1bin/reduced2/1659PUNKAHARJU_LIGHT_R_2023-10-10-15-30-37_90sec_RiLA600_STX-16803_-20c_1bin.fits,67210560,True,-32,2,4096,4096,2023-11-08T13:27:30,LIGHT,90.0,90.0,2023-10-11T00:30:37.295,2023-10-10T15:30:37.295,1,1,0.0,9.0,9.0,SBIG STX-16803 3 CCD,-20.0,-20.03125,RiLA600,3000,5.0,352.240549764629,12.970331492404,56.3445951768828,231.87585072438,1.20078305993168,East,0.0,37.308889,127.002,SBIG STX-16803 3 CCD,R,1659PUNKAHARJU,23 29 04,+12 58 07,0.0,NanoFocus,437326,437326,20.62,20.62,TOP-DOWN,2000.0,N.I.N.A. 2.0.2.2017,STX-16803,RiLA600,600,0.618795,,/mnt/Rdata/OBS_data/asteroid/RiLA600_STX-16803_-_1bin/1659PUNKAHARJU_LIGHT_-_2023-10-10_-_RiLA600_STX-16803_-_1bin/master_files_ys/nightskyflat-R.fits,F,adu,,,,
53,/mnt/Rdata/OBS_data/asteroid/RiLA600_STX-16803_-_1bin/1659PUNKAHARJU_LIGHT_-_2023-10-10_-_RiLA600_STX-16803_-_1bin/reduced2/1659PUNKAHARJU_LIGHT_R_2023-10-10-15-32-19_120sec_RiLA600_STX-16803_-20c_1bin.fits,67305600,True,-32,2,4096,4096,2023-11-08T13:27:30,LIGHT,120.0,120.0,2023-10-11T00:32:19.056,2023-10-10T15:32:19.056,1,1,0.0,9.0,9.0,SBIG STX-16803 3 CCD,-20.0,-20.03125,RiLA600,3000,5.0,352.239965094117,12.9701916680979,55.9952558388082,232.611318357847,1.20568721179078,East,0.0,37.308889,127.002,SBIG STX-16803 3 CCD,R,1659PUNKAHARJU,23 29 04,+12 58 07,0.0,NanoFocus,437326,437326,20.53,20.53,TOP-DOWN,2000.0,N.I.N.A. 2.0.2.2017,STX-16803,RiLA600,600,0.618795,,/mnt/Rdata/OBS_data/asteroid/RiLA600_STX-16803_-_1bin/1659PUNKAHARJU_LIGHT_-_2023-10-10_-_RiLA600_STX-16803_-_1bin/master_files_ys/nightskyflat-R.fits,F,adu,5.8197553832201265,5.9087837644185015,-56.930003304401,8.44105336856046
54,/mnt/Rdata/OBS_data/asteroid/RiLA600_STX-16803_-_1bin/1659PUNKAHARJU_LIGHT_-_2023-10-10_-_RiLA600_STX-16803_-_1bin/reduced2/1659PUNKAHARJU_LIGHT_R_2023-10-10-15-34-30_150sec_RiLA600_STX-16803_-20c_1bin.fits,67210560,True,-32,2,4096,4096,2023-11-08T13:27:31,LIGHT,150.0,150.0,2023-10-11T00:34:30.704,2023-10-10T15:34:30.704,1,1,0.0,9.0,9.0,SBIG STX-16803 3 CCD,-20.0,-20.0,RiLA600,3000,5.0,352.239320437009,12.9699618617389,55.562330638298,233.496638948102,1.21188321637245,East,0.0,37.308889,127.002,SBIG STX-16803 3 CCD,R,1659PUNKAHARJU,23 29 04,+12 58 07,0.0,NanoFocus,437326,437326,20.58,20.58,TOP-DOWN,2000.0,N.I.N.A. 2.0.2.2017,STX-16803,RiLA600,600,0.618795,,/mnt/Rdata/OBS_data/asteroid/RiLA600_STX-16803_-_1bin/1659PUNKAHARJU_LIGHT_-_2023-10-10_-_RiLA600_STX-16803_-_1bin/master_files_ys/nightskyflat-R.fits,F,adu,,,,
55,/mnt/Rdata/OBS_data/asteroid/RiLA600_STX-16803_-_1bin/1659PUNKAHARJU_LIGHT_-_2023-10-10_-_RiLA600_STX-16803_-_1bin/reduced2/1659PUNKAHARJU_LIGHT_R_2023-10-10-15-37-12_180sec_RiLA600_STX-16803_-20c_1bin.fits,67305600,True,-32,2,4096,4096,2023-11-08T13:27:31,LIGHT,180.0,180.0,2023-10-11T00:37:12.415,2023-10-10T15:37:12.415,1,1,0.0,9.0,9.0,SBIG STX-16803 3 CCD,-20.0,-20.03125,RiLA600,3000,5.0,352.238480907939,12.9697521140142,55.0422625582913,234.524801796191,1.21950337907626,East,0.0,37.308889,127.002,SBIG STX-16803 3 CCD,R,1659PUNKAHARJU,23 29 04,+12 58 07,0.0,NanoFocus,437326,437326,20.6,20.6,TOP-DOWN,2000.0,N.I.N.A. 2.0.2.2017,STX-16803,RiLA600,600,0.618795,,/mnt/Rdata/OBS_data/asteroid/RiLA600_STX-16803_-_1bin/1659PUNKAHARJU_LIGHT_-_2023-10-10_-_RiLA600_STX-16803_-_1bin/master_files_ys/nightskyflat-R.fits,F,adu,5.831712910603528,5.971423374098634,-64.97135452450152,14.410835004747184
56,/mnt/Rdata/OBS_data/asteroid/RiLA600_STX-16803_-_1bin/1659PUNKAHARJU_LIGHT_-_2023-10-10_-_RiLA600_STX-16803_-_1bin/reduced2/1659PUNKAHARJU_LIGHT_R_2023-10-10-15-40-24_210sec_RiLA600_STX-16803_-20c_1bin.fits,67305600,True,-32,2,4096,4096,2023-11-08T13:27:32,LIGHT,210.0,210.0,2023-10-11T00:40:24.161,2023-10-10T15:40:24.161,1,1,0.0,9.0,9.0,SBIG STX-16803 3 CCD,-20.0,-20.0,RiLA600,3000,5.0,352.237581385427,12.9694323849097,54.432261303867,235.684822618163,1.2286937021721,East,0.0,37.308889,127.002,SBIG STX-16803 3 CCD,R,1659PUNKAHARJU,23 29 04,+12 58 07,0.0,NanoFocus,437326,437326,20.46,20.46,TOP-DOWN,2000.0,N.I.N.A. 2.0.2.2017,STX-16803,RiLA600,600,0.618795,,/mnt/Rdata/OBS_data/asteroid/RiLA600_STX-16803_-_1bin/1659PUNKAHARJU_LIGHT_-_2023-10-10_-_RiLA600_STX-16803_-_1bin/master_files_ys/nightskyflat-R.fits,F,adu,5.802640490992417,6.019280714111552,-68.40392696388392,17.631180137653644
57,/mnt/Rdata/OBS_data/asteroid/RiLA600_STX-16803_-_1bin/1659PUNKAHARJU_LIGHT_-_2023-10-10_-_RiLA600_STX-16803_-_1bin/reduced2/1659PUNKAHARJU_LIGHT_R_2023-10-10-15-44-05_240sec_RiLA600_STX-16803_-20c_1bin.fits,67305600,True,-32,2,4096,4096,2023-11-08T13:27:33,LIGHT,240.0,240.0,2023-10-11T00:44:05.842,2023-10-10T15:44:05.842,1,1,0.0,9.0,9.0,SBIG STX-16803 3 CCD,-20.0,-20.0,RiLA600,3000,5.0,352.23636698595,12.9689227608921,53.7357788210127,236.953598464626,1.23953031364269,East,0.0,37.308889,127.002,SBIG STX-16803 3 CCD,R,1659PUNKAHARJU,23 29 04,+12 58 07,0.0,NanoFocus,437326,437326,20.5,20.5,TOP-DOWN,2000.0,N.I.N.A. 2.0.2.2017,STX-16803,RiLA600,600,0.618795,,/mnt/Rdata/OBS_data/asteroid/RiLA600_STX-16803_-_1bin/1659PUNKAHARJU_LIGHT_-_2023-10-10_-_RiLA600_STX-16803_-_1bin/master_files_ys/nightskyflat-R.fits,F,adu,5.81662264023862,6.077656448795885,-70.79970306986468,20.669394160014036
